"","alteration","model","reference","query","NCTId","given","class"
"1","KRAS p.G13D","Perplexity.ai","NCT05254184","NCT05254184","NCT05254184",TRUE,"NCT"
"2","KRAS p.G13D","Perplexity.ai","NCT05726864","NCT05726864","NCT05726864",TRUE,"NCT"
"3","KRAS p.G13D","Perplexity.ai","NCT03948763","NCT03948763","NCT03948763",TRUE,"NCT"
"4","KRAS p.G13D","ChatGPT","NCT03600883","NCT03600883","NCT03600883",TRUE,"NCT"
"5","KRAS p.G13D","ChatGPT","NCT03785249","NCT03785249","NCT03785249",TRUE,"NCT"
"6","TP53 p.A276G","Perplexity.ai","NCT03521154","NCT03521154","NCT03521154",TRUE,"NCT"
"7","TP53 p.A276G","Perplexity.ai","NCT04077463","NCT04077463","NCT04077463",TRUE,"NCT"
"8","TP53 p.A276G","Perplexity.ai","NCT03944772","NCT03944772","NCT03944772",TRUE,"NCT"
"9","TP53 p.A276G","ChatGPT","NCT03588001","NCT03588001",NA,FALSE,"NCT"
"10","CDH1 p.D433N","ChatGPT","NCT03588001","NCT03588001",NA,FALSE,"NCT"
"11","Unspecified","Perplexity.ai","NCT04988295","NCT04988295","NCT04988295",TRUE,"NCT"
"12","Unspecified","Perplexity.ai","NCT02716116","NCT02716116","NCT02716116",TRUE,"NCT"
"13","KRAS p.G13D","ChatGPT 4","NCT03785249","NCT03785249","NCT03785249",TRUE,"NCT"
"14","KRAS p.G12V","ChatGPT","NCT03785249","NCT03785249","NCT03785249",TRUE,"NCT"
"15","KRAS p.G12V","ChatGPT","NCT01841723","NCT01841723","NCT01841723",TRUE,"NCT"
"16","BCORL p.R1332*","Perplexity.ai","NCT00082706","NCT00082706","NCT00082706",TRUE,"NCT"
"17","TP53 p.H214fs*7","ChatGPT","NCT03588078","NCT03588078","NCT03588078",TRUE,"NCT"
"18","TP53 p.H214fs*8","ChatGPT","NCT02780128","NCT02780128","NCT02780128",TRUE,"NCT"
"19","JAK1 p.I597M","ChatGPT","NCT02568796","NCT02568796",NA,FALSE,"NCT"
"20","JAK1 p.I597M","ChatGPT","NCT01565449","NCT01565449",NA,FALSE,"NCT"
"21","PIK3CA amplification (n>6)","ChatGPT","NCT03489100","NCT03489100",NA,FALSE,"NCT"
"22","PIK3CA amplification (n>6)","ChatGPT","NCT01841723","NCT01841723","NCT01841723",TRUE,"NCT"
"23","MYC amplification (n>6)","ChatGPT","NCT04003649","NCT04003649","NCT04003649",TRUE,"NCT"
"24","MYC amplification (n>6)","ChatGPT","NCT02098284","NCT02098284",NA,FALSE,"NCT"
"25","KRAS p.G12V","CiVIC","NCT03600883","NCT03600883","NCT03600883",TRUE,"NCT"
"26","PIK3CA amplification (n>6)","ChatGPT 4","NCT02340221","NCT02340221","NCT02340221",TRUE,"NCT"
"27","PIK3CA amplification (n>6)","ChatGPT 4","NCT01820364","NCT01820364","NCT01820364",TRUE,"NCT"
"28","KRAS p.G12V","ChatGPT 4","NCT03785249","NCT03785249","NCT03785249",TRUE,"NCT"
"29","JAK1 p.I597M","ChatGPT 4","NCT03158724","NCT03158724",NA,FALSE,"NCT"
"30","SMAD4 p.C363R","Perplexity.ai","NCT03076554","NCT03076554","NCT03076554",TRUE,"NCT"
"31","SMAD4 p.C363R","Perplexity.ai","NCT05104736","NCT05104736","NCT05104736",TRUE,"NCT"
"32","SMAD4 p.C363R","Perplexity.ai","NCT03463460","NCT03463460","NCT03463460",TRUE,"NCT"
"33","TP53 p.305fs","Perplexity.ai","NCT05104736","NCT05104736","NCT05104736",TRUE,"NCT"
"34","CDKN1B p.K100N","Perplexity.ai","NCT05104736","NCT05104736","NCT05104736",TRUE,"NCT"
"35","CDKN1B p.K100N","Perplexity.ai","NCT01011439","NCT01011439","NCT01011439",TRUE,"NCT"
"36","CDKN1B p.K100N","Perplexity.ai","NCT04710628","NCT04710628","NCT04710628",TRUE,"NCT"
"37","ATM p.E1666*","Perplexity.ai","NCT05104736","NCT05104736","NCT05104736",TRUE,"NCT"
"38","ATM p.E1666*","Perplexity.ai","NCT04710628","NCT04710628","NCT04710628",TRUE,"NCT"
"39","ATM p.E1666*","Perplexity.ai","NCT03076554","NCT03076554","NCT03076554",TRUE,"NCT"
"40","ATM p.E1666*","Perplexity.ai","NCT01011439","NCT01011439","NCT01011439",TRUE,"NCT"
"41","ATM p.E1666*","Perplexity.ai","NCT00965250","NCT00965250","NCT00965250",TRUE,"NCT"
"42","ERBB2 RNA overexpression","ChatGPT","NCT01309085","NCT01309085",NA,FALSE,"NCT"
"43","ERBB3 RNA overexpression","ChatGPT","NCT01309085","NCT01309085",NA,FALSE,"NCT"
"44","ERBB2 RNA overexpression","CiVIC","NCT00829166","NCT00829166","NCT00829166",TRUE,"NCT"
"45","ERBB3 RNA overexpression","ChatGPT 4","NCT02187783","NCT02187783","NCT02187783",TRUE,"NCT"
"46","SMAD4 p.C363R","ChatGPT 4","NCT02423343","NCT02423343","NCT02423343",TRUE,"NCT"
"47","CDKN1B p.K100N","ChatGPT 4","NCT02187783","NCT02187783","NCT02187783",TRUE,"NCT"
"48","ATM p.E1666*","ChatGPT 4","NCT03330847","NCT03330847","NCT03330847",TRUE,"NCT"
"49","PIK3CA p.E545K","Perplexity.ai","NCT01501604","NCT01501604","NCT01501604",TRUE,"NCT"
"50","PIK3CA p.E545K","ChatGPT","NCT02437318","NCT02437318","NCT02437318",TRUE,"NCT"
"51","PIK3CA p.E545K","ChatGPT","NCT01870505","NCT01870505","NCT01870505",TRUE,"NCT"
"52","PIK3CA p.E545K","ChatGPT","NCT02632071","NCT02632071","NCT02632071",TRUE,"NCT"
"53","PIK3CA p.E545K","ChatGPT","NCT03207591","NCT03207591",NA,FALSE,"NCT"
"54","PIK3CA p.E545K","ChatGPT","NCT04195750","NCT04195750","NCT04195750",TRUE,"NCT"
"55","MAPK1 p.E322K","ChatGPT","NCT02296125","NCT02296125","NCT02296125",TRUE,"NCT"
"56","MAPK1 p.E322K","ChatGPT","NCT02908672","NCT02908672","NCT02908672",TRUE,"NCT"
"57","MAPK1 p.E322K","ChatGPT","NCT03161559","NCT03161559",NA,FALSE,"NCT"
"58","MAPK1 p.E322K","ChatGPT","NCT03805919","NCT03805919","NCT03805919",TRUE,"NCT"
"59","MAPK1 p.E322K","ChatGPT","NCT04209921","NCT04209921",NA,FALSE,"NCT"
"60","FGFR3 p.D786N","ChatGPT","NCT03390504","NCT03390504","NCT03390504",TRUE,"NCT"
"61","FGFR3 p.D786N","ChatGPT","NCT02052778","NCT02052778","NCT02052778",TRUE,"NCT"
"62","FGFR3 p.D786N","ChatGPT","NCT03694522","NCT03694522","NCT03694522",TRUE,"NCT"
"63","FGFR3 p.D786N","ChatGPT","NCT03598655","NCT03598655",NA,FALSE,"NCT"
"64","FGFR3 p.D786N","ChatGPT","NCT04512252","NCT04512252",NA,FALSE,"NCT"
"65","MAPK1 p.E322K","CiVIC","NCT00779389","NCT00779389","NCT00779389",TRUE,"NCT"
"66","FGFR3 p.D786N","ChatGPT 4","NCT03230318","NCT03230318","NCT03230318",TRUE,"NCT"
"67","FGFR3 p.D786N","ChatGPT 4","NCT01976741","NCT01976741","NCT01976741",TRUE,"NCT"
"68","MAPK1 p.E322K","ChatGPT 4","NCT01675999","NCT01675999","NCT01675999",TRUE,"NCT"
"69","EGFR p.E746_A750del","Perplexity.ai","NCT03239340","NCT03239340","NCT03239340",TRUE,"NCT"
"70","EGFR p.E746_A750del","ChatGPT","NCT02716116","NCT02716116","NCT02716116",TRUE,"NCT"
"71","TP53 p.A138_Q144del","Perplexity.ai","NCT03521154","NCT03521154","NCT03521154",TRUE,"NCT"
"72","TP53 p.A138_Q144del","Perplexity.ai","NCT03745716","NCT03745716","NCT03745716",TRUE,"NCT"
"73","MET amplification","Perplexity.ai","NCT02864992","NCT02864992","NCT02864992",TRUE,"NCT"
"74","MET amplification","ChatGPT","NCT04644591","NCT04644591",NA,FALSE,"NCT"
"75","EGFR p.E746_A750del","human","NCT05281406","NCT05281406","NCT05281406",TRUE,"NCT"
"76","EGFR p.E746_A750del","human","NCT04413201","NCT04413201","NCT04413201",TRUE,"NCT"
"77","MET amplification","human","NCT05488314","NCT05488314","NCT05488314",TRUE,"NCT"
"78","MET amplification","human","NCT05261399","NCT05261399","NCT05261399",TRUE,"NCT"
"79","EGFR p.E746_A750del","ChatGPT 4","NCT01774721","NCT01774721","NCT01774721",TRUE,"NCT"
"80","MET amplification","ChatGPT 4","NCT02864992","NCT02864992","NCT02864992",TRUE,"NCT"
"81","MET amplification","ChatGPT 4","NCT02897479","NCT02897479","NCT02897479",TRUE,"NCT"
"82","KRAS p.G12C","ChatGPT","NCT03600883","NCT03600883","NCT03600883",TRUE,"NCT"
"83","KEAP1 p.L276F","ChatGPT","NCT03001974","NCT03001974",NA,FALSE,"NCT"
"84","KEAP1 p.L276F","ChatGPT","NCT04001974","NCT04001974",NA,FALSE,"NCT"
"85","KEAP1 p.L276F","ChatGPT","NCT03042702","NCT03042702","NCT03042702",TRUE,"NCT"
"86","KEAP1 p.L276F","ChatGPT","NCT03600883","NCT03600883","NCT03600883",TRUE,"NCT"
"87","STK11 p.K83Tfs*17","ChatGPT","NCT02671955","NCT02671955","NCT02671955",TRUE,"NCT"
"88","KRAS p.G12C","human","NCT04685135","NCT04685135","NCT04685135",TRUE,"NCT"
"89","STK11 p.K83Tfs*13","human","NCT05275868","NCT05275868","NCT05275868",TRUE,"NCT"
"90","STK11 p.K83Tfs*14","human","NCT04471415","NCT04471415","NCT04471415",TRUE,"NCT"
"91","KRAS p.G12C","Perplexity.ai","NCT03785249","NCT03785249","NCT03785249",TRUE,"NCT"
"92","KRAS p.G12C","Perplexity.ai","NCT05313009","NCT05313009","NCT05313009",TRUE,"NCT"
"93","STK11 p.K83Tfs*13","Perplexity.ai","NCT04173507","NCT04173507","NCT04173507",TRUE,"NCT"
"94","STK11 p.K83Tfs*14","Perplexity.ai","NCT03521154","NCT03521154","NCT03521154",TRUE,"NCT"
"95","STK11 p.K83Tfs*15","Perplexity.ai","NCT04933695","NCT04933695","NCT04933695",TRUE,"NCT"
"96","KRAS p.G12C","CiVIC","NCT03600883","NCT03600883","NCT03600883",TRUE,"NCT"
"97","KRAS p.G12C","ChatGPT 4","NCT03785249","NCT03785249","NCT03785249",TRUE,"NCT"
"98","TP53 c.672+1G>A","Perplexity.ai","NCT03544723","NCT03544723","NCT03544723",TRUE,"NCT"
"99","TP53 c.672+1G>A","Perplexity.ai","NCT03645200","NCT03645200","NCT03645200",TRUE,"NCT"
"100","Unspecified","ChatGPT","NCT01866319","NCT01866319","NCT01866319",TRUE,"NCT"
"101","Unspecified","ChatGPT","NCT02362594","NCT02362594","NCT02362594",TRUE,"NCT"
"102","Unspecified","ChatGPT","NCT02364609","NCT02364609","NCT02364609",TRUE,"NCT"
"103","Unspecified","ChatGPT","NCT02908672","NCT02908672","NCT02908672",TRUE,"NCT"
"104","Unspecified","ChatGPT","NCT01295827","NCT01295827","NCT01295827",TRUE,"NCT"
"105","TP53 c.672+1G>A","ChatGPT 4","NCT03675737","NCT03675737","NCT03675737",TRUE,"NCT"
"106","RB1 p.Q846*","ChatGPT 4","NCT02065063","NCT02065063","NCT02065063",TRUE,"NCT"
"107","FGFR2::BICC1 Fusion","Perplexity.ai","NCT03230318","NCT03230318","NCT03230318",TRUE,"NCT"
"108","FGFR2::BICC1 Fusion","ChatGPT","NCT03230318","NCT03230318","NCT03230318",TRUE,"NCT"
"109","FGFR2::BICC1 Fusion","ChatGPT","NCT02150967","NCT02150967","NCT02150967",TRUE,"NCT"
"110","TP53 p.E258*","ChatGPT","NCT01164090","NCT01164090",NA,FALSE,"NCT"
"111","TP53 p.E258*","ChatGPT","NCT03260712","NCT03260712","NCT03260712",TRUE,"NCT"
"112","FGFR2::BICC1 Fusion","ChatGPT 4","NCT03230318","NCT03230318","NCT03230318",TRUE,"NCT"
"113","TP53 p.E258*","ChatGPT 4","NCT03675737","NCT03675737","NCT03675737",TRUE,"NCT"
"114","HRAS p.Q61R","Perplexity.ai","NCT01969578","NCT01969578","NCT01969578",TRUE,"NCT"
"115","HRAS p.Q61R","ChatGPT","NCT02501954","NCT02501954","NCT02501954",TRUE,"NCT"
"116","PIK3CA p.E545K","Perplexity.ai","NCT05022342","NCT05022342","NCT05022342",TRUE,"NCT"
"117","PIK3CA p.E545K","Perplexity.ai","NCT02417701","NCT02417701","NCT02417701",TRUE,"NCT"
"118","PIK3CA p.E545K","ChatGPT","NCT01338857","NCT01338857","NCT01338857",TRUE,"NCT"
"119","PIK3CA p.E545K","ChatGPT","NCT01918306","NCT01918306","NCT01918306",TRUE,"NCT"
"120","TP53 p.T211A","ChatGPT","NCT02362594","NCT02362594","NCT02362594",TRUE,"NCT"
"121","TP53 p.T211A","ChatGPT","NCT03371920","NCT03371920",NA,FALSE,"NCT"
"122","TP53 p.T211A","Perplexity.ai","NCT03614364","NCT03614364","NCT03614364",TRUE,"NCT"
"123","TP53 p.T211A","Perplexity.ai","NCT03729297","NCT03729297","NCT03729297",TRUE,"NCT"
"124","KMT2C p.P2493Q","ChatGPT","NCT01897571","NCT01897571","NCT01897571",TRUE,"NCT"
"125","KMT2C p.P2493Q","ChatGPT","NCT01943851","NCT01943851","NCT01943851",TRUE,"NCT"
"126","Unspecified","Perplexity.ai","NCT05669664","NCT05669664","NCT05669664",TRUE,"NCT"
"127","Unspecified","Perplexity.ai","NCT04620187","NCT04620187","NCT04620187",TRUE,"NCT"
"128","Unspecified","Perplexity.ai","NCT05010629","NCT05010629","NCT05010629",TRUE,"NCT"
"129","HRAS p.Q61R","ChatGPT 4","NCT02383927","NCT02383927","NCT02383927",TRUE,"NCT"
"130","EGFR p.E746_A750del","ChatGPT","NCT00322452","NCT00322452","NCT00322452",TRUE,"NCT"
"131","EGFR p.E746_A750del","ChatGPT","NCT00364391","NCT00364391",NA,FALSE,"NCT"
"132","EGFR p.E746_A750del","ChatGPT","NCT01024450","NCT01024450",NA,FALSE,"NCT"
"133","EGFR p.E746_A750del","ChatGPT","NCT02008227","NCT02008227","NCT02008227",TRUE,"NCT"
"134","EGFR p.E746_A750del","ChatGPT","NCT02148304","NCT02148304",NA,FALSE,"NCT"
"135","EGFR p.E746_A750del","ChatGPT","NCT02364609","NCT02364609","NCT02364609",TRUE,"NCT"
"136","EGFR p.E746_A750del","ChatGPT","NCT02789345","NCT02789345","NCT02789345",TRUE,"NCT"
"137","EGFR p.E746_A750del","ChatGPT","NCT03393270","NCT03393270",NA,FALSE,"NCT"
"138","EGFR p.E746_A750del","ChatGPT","NCT03432585","NCT03432585","NCT03432585",TRUE,"NCT"
"139","EGFR p.E746_A750del","ChatGPT","NCT03533232","NCT03533232",NA,FALSE,"NCT"
"140","EGFR p.E746_A750del","ChatGPT","NCT03607539","NCT03607539","NCT03607539",TRUE,"NCT"
"141","EGFR p.E746_A750del","ChatGPT","NCT04268417","NCT04268417",NA,FALSE,"NCT"
"142","EGFR p.E746_A750del","ChatGPT","NCT04591063","NCT04591063",NA,FALSE,"NCT"
"143","EGFR p.E746_A750del","ChatGPT","NCT04968710","NCT04968710",NA,FALSE,"NCT"
"144","EGFR p.E746_A750del","ChatGPT","NCT01774721","NCT01774721","NCT01774721",TRUE,"NCT"
"145","EGFR p.E746_A750del","ChatGPT","NCT02296125","NCT02296125","NCT02296125",TRUE,"NCT"
"146","EGFR p.E746_A750del","ChatGPT","NCT03093222","NCT03093222",NA,FALSE,"NCT"
"147","EGFR p.E746_A750del","ChatGPT","NCT04033329","NCT04033329",NA,FALSE,"NCT"
"148","EGFR p.E746_A750del","ChatGPT","NCT02915744","NCT02915744","NCT02915744",TRUE,"NCT"
"149","EGFR p.E746_A750del","ChatGPT","NCT03209973","NCT03209973","NCT03209973",TRUE,"NCT"
"150","EGFR p.E746_A750del","ChatGPT","NCT03800134","NCT03800134","NCT03800134",TRUE,"NCT"
"151","EGFR p.E746_A750del","ChatGPT","NCT04255351","NCT04255351",NA,FALSE,"NCT"
"152","EGFR p.E746_A750del","ChatGPT","NCT01657604","NCT01657604","NCT01657604",TRUE,"NCT"
"153","EGFR p.E746_A750del","ChatGPT","NCT02923180","NCT02923180","NCT02923180",TRUE,"NCT"
"154","EGFR p.E746_A750del","ChatGPT","NCT04285632","NCT04285632","NCT04285632",TRUE,"NCT"
"155","EGFR p.E746_A750del","ChatGPT","NCT02220894","NCT02220894","NCT02220894",TRUE,"NCT"
"156","EGFR p.E746_A750del","ChatGPT","NCT03539536","NCT03539536","NCT03539536",TRUE,"NCT"
"157","EGFR p.E746_A750del","ChatGPT","NCT04262856","NCT04262856","NCT04262856",TRUE,"NCT"
"158","EGFR p.C797S","ChatGPT","NCT00322452","NCT00322452","NCT00322452",TRUE,"NCT"
"159","EGFR p.C797S","ChatGPT","NCT00364391","NCT00364391",NA,FALSE,"NCT"
"160","EGFR p.C797S","ChatGPT","NCT01024450","NCT01024450",NA,FALSE,"NCT"
"161","EGFR p.C797S","ChatGPT","NCT02008227","NCT02008227","NCT02008227",TRUE,"NCT"
"162","EGFR p.C797S","ChatGPT","NCT02148304","NCT02148304",NA,FALSE,"NCT"
"163","EGFR p.C797S","ChatGPT","NCT02364609","NCT02364609","NCT02364609",TRUE,"NCT"
"164","EGFR p.C797S","ChatGPT","NCT02789345","NCT02789345","NCT02789345",TRUE,"NCT"
"165","EGFR p.C797S","ChatGPT","NCT03393270","NCT03393270",NA,FALSE,"NCT"
"166","EGFR p.C797S","ChatGPT","NCT03432585","NCT03432585","NCT03432585",TRUE,"NCT"
"167","EGFR p.C797S","ChatGPT","NCT03533232","NCT03533232",NA,FALSE,"NCT"
"168","EGFR p.C797S","ChatGPT","NCT03607539","NCT03607539","NCT03607539",TRUE,"NCT"
"169","EGFR p.C797S","ChatGPT","NCT04268417","NCT04268417",NA,FALSE,"NCT"
"170","EGFR p.C797S","ChatGPT","NCT04591063","NCT04591063",NA,FALSE,"NCT"
"171","EGFR p.C797S","ChatGPT","NCT04968710","NCT04968710",NA,FALSE,"NCT"
"172","EGFR p.C797S","ChatGPT","NCT01774721","NCT01774721","NCT01774721",TRUE,"NCT"
"173","EGFR p.C797S","ChatGPT","NCT02296125","NCT02296125","NCT02296125",TRUE,"NCT"
"174","EGFR p.C797S","ChatGPT","NCT03093222","NCT03093222",NA,FALSE,"NCT"
"175","EGFR p.C797S","ChatGPT","NCT04033329","NCT04033329",NA,FALSE,"NCT"
"176","EGFR p.C797S","ChatGPT","NCT02716116","NCT02716116","NCT02716116",TRUE,"NCT"
"177","EGFR p.C797S","ChatGPT","NCT02915744","NCT02915744","NCT02915744",TRUE,"NCT"
"178","EGFR p.C797S","ChatGPT","NCT03209973","NCT03209973","NCT03209973",TRUE,"NCT"
"179","EGFR p.C797S","ChatGPT","NCT03800134","NCT03800134","NCT03800134",TRUE,"NCT"
"180","EGFR p.C797S","ChatGPT","NCT04255351","NCT04255351",NA,FALSE,"NCT"
"181","EGFR p.C797S","ChatGPT","NCT01657604","NCT01657604","NCT01657604",TRUE,"NCT"
"182","EGFR p.C797S","ChatGPT","NCT02923180","NCT02923180","NCT02923180",TRUE,"NCT"
"183","EGFR p.C797S","ChatGPT","NCT04285632","NCT04285632","NCT04285632",TRUE,"NCT"
"184","EGFR p.C797S","ChatGPT","NCT02220894","NCT02220894","NCT02220894",TRUE,"NCT"
"185","EGFR p.C797S","ChatGPT","NCT03539536","NCT03539536","NCT03539536",TRUE,"NCT"
"186","EGFR p.C797S","ChatGPT","NCT04262856","NCT04262856","NCT04262856",TRUE,"NCT"
"187","STK11 p.C210*","Perplexity.ai","NCT04173507","NCT04173507","NCT04173507",TRUE,"NCT"
